Symbol,% Chg(Open),Last Trade,Volume    ,P/E (ttm),Market Cap,Daily Low Count,% Chg from 5 day Avg Close,RSI 10 Day,EMA 15 Day,MACD ,Williams % R,% Chg of Range from Low,Money Flow Percent,DM Average (ADX) 14 Day,Bollinger Band®(Middle),Industry                        ,Exchange,Description              ,Sub-Industry                    ,Dividend,Reported Close,Bid   ,Ask Size,Avg Vol 5 Day,Avg Vol 6 Mo,% Vol Over 5 Day Avg Vol,% Vol Over 6 Mo Avg Vol,In S&P 500,Open  ,High  ,Ask   ,% Held By Institutions,Avg Vol 20 Day,Avg Vol YTD,% Vol Over 20 Day Avg Vol,% Vol Over YTD Avg Vol,In S&P Mid Cap 400,Sector                ,Dividend Yield,Prev Close,Low   ,Bid Size,Avg Vol 1 Mo,% Vol Over Yesterday's Vol,% Vol Over 1 Mo Avg Vol,Avg $ Vol 5 Day,In S&P Small Cap 600,SER,S&P STARS,S&P Quality Ranking,% Recommend Buy,% Recommend Buy - Hold,% Recommend Hold,% Recommend Hold - Sell,% Recommend Sell,Recommendation Num,Recommendation Avg,Net Income,Revenue,Earnings,Shares outstanding,EPS(ttm),EPS (Yr-0),EPS (Yr-1),EPS (Latest),EPS (Yr-2),EPS (Yr-3),EPS (Yr-4),% 5 Yr Projected Growth Rate,% Margin,Sales per Employee,Change,Chg from Beg of Mo Open,% Chg from 20 day Avg Close,Chg from 6 Mo Avg Close,% Chg from YTD Avg Close,% Total Return (YTD2),% Total Return (YTD5),% Total Return (9 Mo),Beta Value,High Prev Day,High 1 Mo,High 52 Wk - Daily High,Low 20 Day,Low 52 Wk,% Chg of Range from High,[SMA 15 Day - Last Trade] (%),% Change,Gap   ,Chg from Beg of Yr Open,% Chg from 6 Day Close,Chg from 1 Mo Avg Close,% Chg from 6 Mo Avg Close,% Total Return (YTD0),% Total Return (YTD3),% Total Return (3 Mo),% Return on Equity,Daily High Count,High 5 Day,High YTD,Low Prev Day,Low 1 Mo,Low 52 Wk - Daily Low,High-Last Trade,Chg(Open),% Gap ,Chg from 5 day Avg Close,Chg from 20 day Avg Close,% Chg from 1 Mo Avg Close,Chg from YTD Avg Close,% Total Return (YTD1),% Total Return (YTD4),% Total Return (6 Mo),% Return on Assets,High 20 Day,High 52 Wk,Low 5 Day,Low YTD,Trading Range,Relative Strength,Low-Last Trade,Relative P/E Ratio,Dividend Payout Ratio,P/E Ratio (Latest Actual),Price/Book Ratio,Long Term D/E,P/E Ratio (Estimated),P/S Ratio,SMA 10 Day,SMA 50 Day,SMA 120 Day,EMA 20 Day,EMA 100 Day,RSI from Close 10 Day,RSI 50 Day,DM (DI-) Negative 14 Day,% K  ,Bollinger Band®(Top),Momentum from Close 20 Day,Momentum 60 Day,SMA 60 Day,SMA 200 Day,SMA 15 Day,EMA 50 Day,EMA 120 Day,RSI 30 Day,RSI from Close 50 Day,DM (DX) 14 Day,% D  ,MACD Signal,Momentum 40 Day,Momentum from Close 60 Day,SMA 20 Day,SMA 100 Day,EMA 60 Day,RSI from Close 30 Day,DM (DI+) Positive 14 Day,% D Slow,Bollinger Band®(Bottom),Momentum 20 Day,Momentum from Close 40 Day,Money Flow, 
MSCI  ,-8.67      ,99.10     ,6645606   ,35.68    ,8.72B     ,173            ,+0.33                     ,77.43     ,95.24     ,1.97 ,-65.34      ,19.06                  ,-21.07            ,41.14                  ,95.21                  ,Capital Markets                 ,NYSE    ,MSCI INC                 ,Financial Exchanges & Data      ,1.12    ,96.33         ,99.10 ,100     ,589098       ,652783      ,1128.10                 ,1018.04                ,No        ,108.51,109.29,99.13 ,97.78                 ,667877        ,716084     ,995.03                   ,928.05                ,Yes               ,Financials            ,1.20          ,96.33     ,96.70 ,200     ,686617      ,855.65                    ,967.88                 ,56.07M         ,No                  ,C  ,***      ,B+                 ,30.00          ,10.00                 ,50.00           ,10.00                  ,--              ,10                ,2.40              ,260.86M   ,--     ,260.86M ,90.55M            ,2.70    ,2.70      ,2.03      ,3.55        ,2.43      ,1.83      ,1.48      ,14.33                       ,22.67   ,402.05            ,+2.77 ,+4.03                  ,+1.18                      ,+11.85                 ,+8.37                   ,+77.81               ,+167.78              ,+19.69               ,+1.04     ,96.76        ,96.76    ,-12.79                 ,92.18     ,68.28    ,80.94                   ,-3.69                        ,+2.88   ,+12.18,+19.32                 ,+0.05                 ,+1.65                  ,+14.02                   ,+22.64               ,+114.27              ,+20.39               ,+42.79            ,11              ,96.76     ,96.76   ,94.75       ,90.42   ,-28.42               ,10.19          ,-9.41    ,+12.64,+0.32                   ,+1.12                    ,+1.74                    ,+7.44                 ,+39.32               ,+192.21              ,+5.63                ,+8.37             ,96.76      ,96.50     ,93.71    ,78.40  ,12.59        ,90.00            ,-2.40         ,1.53              ,--                   ,35.68                    ,--              ,653.39       ,27.13                ,--       ,95.51     ,89.10     ,84.39      ,94.55     ,87.07      ,67.25                ,64.59     ,7.12                    ,34.66,97.31               ,3.54                      ,18.57          ,87.45     ,83.59      ,95.44     ,90.53     ,86.18      ,68.86     ,62.08                ,77.23         ,59.18,2.11       ,18.02          ,16.49                     ,95.21     ,84.57      ,89.58     ,65.12                ,55.40                   ,56.99   ,93.11                  ,5.16           ,13.93                     ,-3001.53  , 
NCMI  ,-5.38      ,12.48     ,610874    ,30.19    ,799.28M   ,76             ,-0.09                     ,36.97     ,12.75     ,-0.28,-46.96      ,5.03                   ,17.08             ,25.64                  ,12.69                  ,Media                           ,NASDAQ  ,NATIONAL CINEMEDIA INC   ,Advertising                     ,0.88    ,12.68         ,12.47 ,600     ,550543       ,329399      ,110.96                  ,185.45                 ,No        ,13.19 ,13.33 ,12.48 ,84.60                 ,672503        ,477405     ,90.84                    ,127.96                ,No                ,Consumer Discretionary,6.90          ,12.68     ,12.44 ,1200    ,658122      ,149.52                    ,92.82                  ,7.01M          ,No                  ,D  ,--       ,B                  ,44.44          ,33.33                 ,11.11           ,11.11                  ,--              ,9                 ,1.89              ,87.00M    ,447.60M,87.00M  ,63.04M            ,0.42    ,0.42      ,0.26      ,0.47        ,0.23      ,0.73      ,0.24      ,10.20                       ,5.67    ,727.80            ,-0.20 ,-0.59                  ,-0.06                      ,-1.68                  ,-7.64                   ,-2.78                ,+11.89               ,-9.52                ,+0.72     ,12.76        ,13.46    ,2.77                   ,11.52     ,11.52    ,94.97                   ,1.34                         ,-1.58   ,+0.51 ,-2.36                  ,-0.02                 ,-0.06                  ,-11.71                   ,-12.40               ,+0.86                ,-16.36               ,-20.97            ,8               ,12.97     ,15.25   ,12.61       ,11.52   ,-0.92                ,0.85           ,-0.71    ,+4.02 ,-0.01                   ,-0.01                    ,-0.49                    ,-1.05                 ,-7.98                ,+11.93               ,-12.93               ,+8.16             ,13.22      ,16.10     ,12.51    ,11.52  ,0.90         ,6.00             ,-0.05         ,1.29              ,--                   ,30.19                    ,--              ,-510.10      ,27.00                ,1.79     ,12.69     ,13.70     ,14.30      ,12.85     ,13.98      ,42.81                ,40.74     ,20.66                   ,53.04,13.10               ,-0.32                     ,-2.72          ,13.88     ,14.64      ,12.65     ,13.46     ,14.09      ,38.43     ,41.76                ,15.81         ,66.75,-0.34      ,-2.30          ,-2.96                     ,12.69     ,14.27      ,13.60     ,40.05                ,28.42                   ,73.04   ,12.28                  ,-0.26          ,-2.32                     ,1719.76   , 
INSY  ,-2.45      ,10.58     ,613366    ,34.58    ,776.55M   ,29             ,-0.38                     ,39.49     ,11.17     ,0.03 ,-98.04      ,13.15                  ,-34.93            ,20.79                  ,11.62                  ,Biotechnology                   ,NASDAQ  ,INSYS THERAPEUTICS INC   ,Biotechnology                   ,--      ,10.82         ,10.58 ,600     ,598210       ,918033      ,102.53                  ,66.81                  ,No        ,10.85 ,10.94 ,10.59 ,26.89                 ,1331492       ,1139640    ,46.07                    ,53.82                 ,No                ,Health Care           ,--            ,10.82     ,10.53 ,900     ,1263638     ,122.70                    ,48.54                  ,6.56M          ,No                  ,C  ,--       ,C                  ,33.33          ,50.00                 ,16.67           ,--                     ,--              ,6                 ,1.83              ,58.48M    ,330.80M,58.48M  ,71.77M            ,0.31    ,0.77      ,0.52      ,0.31        ,0.70      ,-0.87     ,-0.69     ,65.00                       ,17.68   ,648.62            ,-0.24 ,-2.26                  ,-6.90                      ,-0.60                  ,+1.22                   ,-62.68               ,+202.73              ,-18.47               ,+0.60     ,11.00        ,13.69    ,10.28                  ,9.30      ,8.70     ,86.85                   ,9.38                         ,-2.18   ,+0.03 ,+1.30                  ,-0.04                 ,-0.57                  ,-5.24                    ,+17.61               ,-56.06               ,+8.23                ,+9.49             ,2               ,11.63     ,13.69   ,10.65       ,9.30    ,-1.83                ,0.36           ,-0.27    ,+0.28 ,-0.04                   ,-0.80                    ,-5.03                    ,+0.13                 ,-30.63               ,+177.73              ,-10.58               ,+7.19             ,13.69      ,21.22     ,10.65    ,9.25   ,0.41         ,92.00            ,-0.05         ,1.48              ,--                   ,14.05                    ,3.07            ,--           ,35.13                ,2.35     ,11.11     ,10.69     ,11.11      ,11.16     ,11.33      ,42.77                ,47.88     ,20.69                   ,1.96 ,13.33               ,1.32                      ,1.39           ,10.44     ,12.72      ,11.58     ,10.96     ,11.61      ,47.99     ,48.53                ,3.30          ,4.22 ,0.23       ,0.28           ,1.75                      ,11.62     ,10.91      ,10.98     ,49.15                ,22.11                   ,6.95    ,9.91                   ,0.94           ,0.56                      ,-4374.58  , 
AF    ,-2.33      ,20.74     ,1318801   ,34.11    ,2.14B     ,60             ,+0.13                     ,65.68     ,20.12     ,0.65 ,-28.29      ,10.87                  ,2.86              ,38.93                  ,19.56                  ,Thrifts & Mortgage Finance      ,NYSE    ,ASTORIA FINANCIAL CORP   ,Thrifts & Mortgage Finance      ,0.16    ,21.13         ,20.73 ,3200    ,3773092      ,1255982     ,34.95                   ,105.00                 ,No        ,21.23 ,21.35 ,20.74 ,82.81                 ,2395831       ,1598383    ,55.05                    ,82.51                 ,No                ,Financials            ,0.80          ,21.13     ,20.66 ,2800    ,2230135     ,74.08                     ,59.14                  ,80.17M         ,Yes                 ,D  ,***      ,B-                 ,--             ,--                    ,100.00          ,--                     ,--              ,4                 ,3.00              ,71.53M    ,505.86M,71.53M  ,101.23M           ,0.62    ,0.62      ,0.79      ,0.54        ,0.88      ,0.60      ,0.55      ,-5.50                       ,18.26   ,284.50            ,-0.40 ,+2.00                  ,+8.02                      ,+4.18                  ,+11.11                  ,+71.54               ,+149.04              ,+16.60               ,+0.73     ,21.18        ,21.66    ,0.24                   ,18.39     ,14.11    ,89.13                   ,-4.60                        ,-1.87   ,+0.10 ,+1.94                  ,-0.03                 ,+1.74                  ,+24.70                   ,+13.54               ,+53.11               ,+13.33               ,+4.59             ,4               ,21.66     ,21.66   ,20.92       ,18.39   ,-6.55                ,0.62           ,-0.50    ,+0.47 ,+0.03                   ,+1.57                    ,+8.97                    ,+2.11                 ,+38.25               ,+118.81              ,+21.45               ,+0.48             ,21.66      ,21.59     ,20.65    ,18.26  ,0.69         ,92.00            ,-0.08         ,1.46              ,--                   ,34.11                    ,1.52            ,--           ,39.13                ,4.23     ,20.31     ,19.05     ,17.16      ,19.88     ,18.05      ,76.15                ,62.75     ,14.76                   ,71.71,21.81               ,2.50                      ,2.96           ,18.96     ,16.33      ,19.78     ,19.03     ,17.77      ,64.24     ,65.16                ,40.92         ,79.97,0.45       ,2.28           ,3.62                      ,19.56     ,17.69      ,18.81     ,68.12                ,35.20                   ,83.86   ,17.31                  ,1.90           ,2.38                      ,1251.08   , 
STL   ,-2.32      ,24.18     ,1337764   ,22.99    ,3.34B     ,26             ,-0.04                     ,42.70     ,24.63     ,0.11 ,-77.27      ,20.59                  ,-19.57            ,15.79                  ,24.84                  ,Banks                           ,NYSE    ,STERLING BANCORP         ,Regional Banks                  ,0.28    ,24.60         ,24.15 ,8600    ,3178967      ,1075993     ,42.08                   ,124.33                 ,No        ,24.75 ,24.85 ,24.20 ,80.26                 ,1853814       ,1232994    ,72.16                    ,108.50                ,No                ,Financials            ,1.10          ,24.60     ,24.00 ,6100    ,1747673     ,87.09                     ,76.55                  ,78.59M         ,Yes                 ,C  ,--       ,B+                 ,33.33          ,66.67                 ,--              ,--                     ,--              ,6                 ,1.67              ,139.97M   ,532.54M,139.97M ,135.58M           ,1.07    ,1.07      ,0.60      ,1.36        ,0.72      ,0.58      ,0.52      ,5.00                        ,30.75   ,469.34            ,-0.42 ,-1.28                  ,-0.96                      ,+3.13                  ,+1.94                   ,+85.94               ,+226.47              ,+52.04               ,+1.05     ,24.70        ,25.85    ,1.00                   ,23.65     ,14.55    ,79.41                   ,2.50                         ,-1.73   ,+0.15 ,+0.38                  ,-0.02                 ,-0.17                  ,+14.56                   ,+5.45                ,+102.03              ,+9.12                ,+7.95             ,2               ,25.30     ,25.85   ,24.30       ,23.65   ,-9.45                ,0.68           ,-0.58    ,+0.61 ,-0.01                   ,-0.24                    ,-0.68                    ,+0.47                 ,+64.08               ,+189.94              ,+39.62               ,+1.07             ,25.85      ,25.85     ,24.00    ,22.75  ,0.85         ,49.00            ,-0.18         ,0.99              ,--                   ,22.99                    ,3.05            ,--           ,18.06                ,6.26     ,24.66     ,24.13     ,21.94      ,24.60     ,22.80      ,49.04                ,54.39     ,24.54                   ,22.73,25.57               ,0.50                      ,0.30           ,24.06     ,19.84      ,24.78     ,24.07     ,22.32      ,51.57     ,56.02                ,16.42         ,37.88,0.22       ,1.05           ,1.10                      ,24.84     ,22.85      ,23.83     ,54.06                ,17.62                   ,44.95   ,24.11                  ,-0.15          ,0.95                      ,-6098.59  , 
FNB   ,-2.16      ,15.38     ,3642151   ,20.13    ,5.07B     ,59             ,-0.43                     ,40.53     ,15.71     ,0.09 ,-94.95      ,10.42                  ,15.44             ,19.10                  ,15.75                  ,Banks                           ,NYSE    ,F N B CORP/FL            ,Regional Banks                  ,0.48    ,15.70         ,15.37 ,8000    ,8842532      ,2415787     ,41.19                   ,150.76                 ,No        ,15.72 ,15.81 ,15.38 ,87.55                 ,4285489       ,2948793    ,84.99                    ,123.51                ,Yes               ,Financials            ,3.10          ,15.70     ,15.33 ,14600   ,4046084     ,77.51                     ,90.02                  ,140.65M        ,No                  ,D  ,--       ,B                  ,57.14          ,--                    ,42.86           ,--                     ,--              ,7                 ,1.86              ,170.89M   ,875.72M,170.89M ,322.97M           ,0.78    ,0.78      ,0.86      ,1.01        ,0.80      ,0.80      ,0.79      ,14.00                       ,22.71   ,210.55            ,-0.32 ,-0.50                  ,-0.29                      ,+1.29                  ,+1.35                   ,+33.87               ,+64.16               ,+19.25               ,+0.94     ,15.75        ,16.32    ,0.62                   ,14.97     ,11.69    ,89.58                   ,2.69                         ,-2.04   ,+0.02 ,-0.91                  ,-0.03                 ,+0.02                  ,+8.97                    ,-1.30                ,+39.07               ,+2.68                ,+7.67             ,12              ,16.23     ,16.35   ,15.51       ,14.81   ,-3.64                ,0.43           ,-0.34    ,+0.13 ,-0.07                   ,-0.05                    ,+0.13                    ,+0.21                 ,+26.14               ,+59.20               ,+26.62               ,+0.87             ,16.32      ,16.43     ,15.51    ,14.46  ,0.48         ,27.00            ,-0.05         ,0.86              ,--                   ,20.13                    ,2.39            ,--           ,15.62                ,5.79     ,15.78     ,15.49     ,14.65      ,15.67     ,14.99      ,49.52                ,52.29     ,23.16                   ,5.05 ,16.14               ,0.63                      ,-0.54          ,15.58     ,13.79      ,15.79     ,15.47     ,14.82      ,49.88     ,54.36                ,2.65          ,29.70,0.13       ,0.22           ,-0.03                     ,15.75     ,15.12      ,15.38     ,53.17                ,21.97                   ,45.36   ,15.35                  ,0.01           ,-0.06                     ,11306.12  , 
WBS   ,-2.12      ,53.55     ,455196    ,25.19    ,5.01B     ,69             ,+0.61                     ,40.08     ,54.66     ,0.05 ,-87.97      ,20.31                  ,-10.22            ,20.32                  ,55.27                  ,Banks                           ,NYSE    ,WEBSTER FINANCIAL CORP   ,Regional Banks                  ,1.00    ,54.41         ,53.52 ,100     ,681418       ,728094      ,66.80                   ,62.52                  ,No        ,54.71 ,55.08 ,53.55 ,98.78                 ,602047        ,651184     ,75.61                    ,69.90                 ,Yes               ,Financials            ,1.80          ,54.41     ,53.16 ,100     ,614161      ,95.53                     ,74.12                  ,36.95M         ,No                  ,C  ,***      ,B                  ,--             ,18.18                 ,63.64           ,9.09                   ,9.09            ,11                ,3.09              ,207.13M   ,1.09B  ,207.13M ,92.02M            ,2.16    ,2.16      ,2.13      ,2.39        ,2.08      ,1.86      ,1.86      ,8.00                        ,22.35   ,292.50            ,-0.86 ,-2.77                  ,-1.56                      ,+6.67                  ,+0.70                   ,+61.01               ,+172.36              ,+42.81               ,+1.28     ,54.53        ,57.50    ,2.42                   ,53.01     ,31.29    ,79.69                   ,2.87                         ,-1.58   ,+0.30 ,-0.86                  ,-0.02                 ,-0.73                  ,+13.97                   ,+0.72                ,+84.29               ,+11.25               ,+8.82             ,18              ,56.53     ,57.50   ,53.42       ,52.17   ,-21.87               ,1.53           ,-1.16    ,+0.55 ,+0.33                   ,-0.86                    ,-1.33                    ,+0.38                 ,+52.68               ,+154.67              ,+43.77               ,+0.82             ,57.50      ,57.50     ,53.01    ,50.85  ,1.92         ,34.00            ,-0.39         ,1.08              ,--                   ,25.19                    ,2.73            ,--           ,22.78                ,4.61     ,54.76     ,54.02     ,48.84      ,54.65     ,50.82      ,46.51                ,54.42     ,17.39                   ,12.03,57.03               ,0.70                      ,0.12           ,54.09     ,43.95      ,55.09     ,53.67     ,49.74      ,50.95     ,55.97                ,8.90          ,23.90,0.35       ,1.39           ,1.35                      ,55.27     ,51.01      ,53.14     ,53.33                ,20.79                   ,22.11   ,53.51                  ,-1.42          ,0.48                      ,-887.92   , 
ANIK  ,-1.96      ,43.44     ,107091    ,20.47    ,644.41M   ,38             ,+0.12                     ,24.25     ,45.55     ,-1.65,-96.56      ,19.33                  ,-24.49            ,39.32                  ,46.77                  ,Health Care Equipment & Supplies,NGM/NGS ,ANIKA THERAPEUTICS INC   ,Health Care Supplies            ,--      ,44.02         ,43.42 ,200     ,122181       ,108487      ,87.65                   ,98.71                  ,No        ,44.31 ,44.40 ,43.47 ,78.07                 ,142283        ,114358     ,75.27                    ,93.65                 ,No                ,Health Care           ,--            ,44.02     ,43.21 ,300     ,133634      ,77.81                     ,80.14                  ,5.37M          ,Yes                 ,C  ,--       ,B+                 ,33.33          ,33.33                 ,33.33           ,--                     ,--              ,3                 ,2.00              ,32.55M    ,103.38M,32.55M  ,14.64M            ,2.15    ,2.15      ,2.01      ,2.00        ,2.51      ,1.39      ,0.82      ,10.00                       ,31.48   ,847.37            ,-0.58 ,-3.92                  ,-5.88                      ,-3.42                  ,-10.31                  ,+13.78               ,+274.71              ,-1.12                ,+1.67     ,44.40        ,52.38    ,10.56                  ,43.70     ,41.38    ,80.67                   ,5.42                         ,-1.32   ,+0.29 ,-5.86                  ,-0.02                 ,-3.55                  ,-7.21                    ,-10.09               ,+6.10                ,+0.28                ,+15.01            ,1               ,44.76     ,52.38   ,43.71       ,43.70   ,-1.83                ,0.96           ,-0.87    ,+0.66 ,+0.05                   ,-2.75                    ,-7.47                    ,-5.06                 ,+1.59                ,+216.47              ,-0.95                ,+13.68            ,52.38      ,54.96     ,43.70    ,43.70  ,1.19         ,13.00            ,-0.23         ,0.88              ,--                   ,20.47                    ,3.14            ,--           ,21.97                ,6.23     ,44.55     ,48.97     ,47.41      ,46.19     ,47.91      ,27.01                ,41.22     ,35.07                   ,3.44 ,51.87               ,-7.61                     ,-5.72          ,48.97     ,48.31      ,45.80     ,47.73     ,47.83      ,35.31     ,42.16                ,61.66         ,4.00 ,-1.35      ,-6.62          ,-4.95                     ,46.77     ,47.59      ,47.86     ,36.68                ,8.32                    ,6.16    ,41.68                  ,-8.15          ,-6.01                     ,-408.52   , 
SNV   ,-1.92      ,41.46     ,472413    ,22.26    ,5.15B     ,57             ,-0.10                     ,36.60     ,42.37     ,0.04 ,-94.95      ,8.49                   ,-6.42             ,13.76                  ,42.58                  ,Banks                           ,NYSE    ,SYNOVUS FINANCIAL CORP   ,Regional Banks                  ,0.60    ,42.07         ,41.45 ,300     ,623066       ,890438      ,75.82                   ,53.05                  ,No        ,42.27 ,42.43 ,41.47 ,80.35                 ,665273        ,738465     ,71.01                    ,63.97                 ,Yes               ,Financials            ,1.40          ,42.07     ,41.37 ,700     ,656507      ,106.87                    ,71.96                  ,26.35M         ,No                  ,B  ,****     ,B-                 ,12.50          ,--                    ,81.25           ,--                     ,6.25            ,16                ,2.88              ,246.78M   ,1.30B  ,246.78M ,122.35M           ,1.89    ,1.89      ,1.62      ,2.24        ,1.33      ,0.88      ,5.93      ,6.33                        ,21.56   ,257.97            ,-0.61 ,-1.51                  ,-1.19                      ,+3.98                  ,+0.06                   ,+56.62               ,+228.00              ,+32.65               ,+1.13     ,42.11        ,44.09    ,1.66                   ,41.32     ,26.90    ,91.51                   ,2.69                         ,-1.45   ,+0.20 ,-0.22                  ,-0.02                 ,-0.50                  ,+10.45                   ,+2.78                ,+80.67               ,+9.39                ,+8.70             ,9               ,43.50     ,44.09   ,41.32       ,41.32   ,-14.47               ,0.97           ,-0.81    ,+0.48 ,-0.04                   ,-0.51                    ,-1.17                    ,+0.03                 ,+50.16               ,+131.64              ,+28.48               ,+0.84             ,44.09      ,44.09     ,41.32    ,40.20  ,1.06         ,51.00            ,-0.09         ,0.95              ,--                   ,22.26                    ,1.89            ,--           ,18.79                ,3.97     ,42.52     ,42.03     ,38.70      ,42.36     ,39.92      ,43.69                ,53.84     ,21.61                   ,5.05 ,43.53               ,0.08                      ,0.44           ,41.91     ,35.62      ,42.58     ,41.73     ,39.24      ,50.15     ,55.54                ,4.66          ,18.22,0.22       ,1.15           ,1.55                      ,42.58     ,39.94      ,41.39     ,52.82                ,19.69                   ,23.79   ,41.63                  ,-1.20          ,0.19                      ,-550.79   , 
VIRT  ,-1.87      ,16.54     ,336984    ,19.15    ,685.24M   ,12             ,+0.58                     ,29.97     ,17.23     ,-0.29,-94.57      ,10.09                  ,-17.47            ,35.42                  ,17.61                  ,Capital Markets                 ,NASDAQ  ,VIRTU FINANCIAL INC      ,Investment Banking & Brokerage  ,0.96    ,16.85         ,16.50 ,4400    ,499334       ,429382      ,67.49                   ,78.48                  ,No        ,16.85 ,16.85 ,16.55 ,59.65                 ,452386        ,494250     ,74.49                    ,68.18                 ,No                ,Financials            ,5.70          ,16.85     ,16.50 ,1700    ,447565      ,115.44                    ,75.29                  ,8.41M          ,No                  ,C  ,--       ,--                 ,16.67          ,16.67                 ,50.00           ,16.67                  ,--              ,6                 ,2.67              ,158.53M   ,702.27M,158.53M ,40.67M            ,0.88    ,0.88      ,0.59      ,1.03        ,5.97      ,1.80      ,0.88      ,--                          ,5.67    ,--                ,-0.31 ,-0.96                  ,-4.31                      ,+1.08                  ,-3.53                   ,0.00                 ,0.00                 ,+1.90                ,0.00      ,16.95        ,19.07    ,7.12                   ,16.45     ,12.35    ,89.91                   ,4.30                         ,-1.87   ,0.00  ,+0.40                  ,-0.03                 ,-0.97                  ,+6.88                    ,+7.09                ,0.00                 ,+26.99               ,+47.57            ,0               ,17.35     ,19.07   ,16.45       ,16.45   ,-4.15                ,0.31           ,-0.31    ,0.00  ,+0.10                   ,-0.76                    ,-5.43                    ,-0.62                 ,-20.15               ,0.00                 ,+9.70                ,+4.40             ,19.07      ,23.97     ,16.45    ,15.78  ,0.35         ,79.00            ,-0.04         ,0.82              ,--                   ,19.15                    ,--              ,105.45       ,16.35                ,0.98     ,17.04     ,17.45     ,15.67      ,17.35     ,16.73      ,34.97                ,49.10     ,24.21                   ,5.43 ,19.06               ,-1.95                     ,0.59           ,17.18     ,16.30      ,17.25     ,17.19     ,16.70      ,45.87     ,50.53                ,45.71         ,8.33 ,-0.12      ,0.44           ,1.00                      ,17.61     ,15.86      ,17.06     ,48.14                ,9.02                    ,6.59    ,16.16                  ,-2.35          ,0.80                      ,-1015.02  , 
FRC   ,-1.86      ,94.75     ,803225    ,24.47    ,14.84B    ,100            ,+0.27                     ,42.73     ,95.76     ,0.42 ,-72.83      ,20.96                  ,-2.93             ,18.62                  ,95.85                  ,Banks                           ,NYSE    ,FIRST REPUBLIC BANK      ,Regional Banks                  ,0.64    ,96.17         ,94.75 ,100     ,1097731      ,1026673     ,73.17                   ,78.24                  ,No        ,96.55 ,96.56 ,94.78 ,99.19                 ,1193094       ,1105279    ,67.32                    ,72.67                 ,No                ,Financials            ,0.70          ,96.17     ,94.27 ,500     ,1170078     ,137.36                    ,68.65                  ,105.44M        ,No                  ,C  ,--       ,--                 ,15.00          ,25.00                 ,60.00           ,--                     ,--              ,20                ,2.45              ,673.43M   ,2.38B  ,673.43M ,154.29M           ,3.93    ,3.93      ,3.18      ,4.56        ,3.07      ,3.10      ,2.75      ,16.03                       ,31.11   ,607.06            ,-1.42 ,-1.31                  ,+0.33                      ,+10.52                 ,+1.79                   ,+70.22               ,+230.40              ,+30.37               ,+1.03     ,96.18        ,97.43    ,0.87                   ,93.75     ,63.97    ,79.04                   ,1.14                         ,-1.48   ,+0.38 ,+1.76                  ,-0.01                 ,+0.27                  ,+12.28                   ,+4.55                ,+88.09               ,+14.76               ,+12.85            ,1               ,96.94     ,97.43   ,94.83       ,93.75   ,-30.30               ,1.81           ,-1.80    ,+0.40 ,+0.26                   ,+0.32                    ,+0.28                    ,+1.69                 ,+49.37               ,+160.53              ,+22.39               ,+1.02             ,97.43      ,97.43     ,94.83    ,90.55  ,2.29         ,77.00            ,-0.48         ,1.05              ,--                   ,24.47                    ,2.76            ,--           ,21.09                ,6.25     ,96.02     ,94.49     ,86.75      ,95.63     ,89.60      ,53.68                ,56.88     ,21.27                   ,27.17,97.34               ,-0.21                     ,5.14           ,93.94     ,80.86      ,95.83     ,93.76     ,88.11      ,54.13     ,59.11                ,9.09          ,52.81,0.61       ,3.03           ,7.66                      ,95.85     ,88.75      ,92.92     ,57.89                ,17.73                   ,61.90   ,94.35                  ,-1.67          ,3.22                      ,-532.27   , 
SBGI  ,-1.82      ,40.45     ,2072618   ,15.83    ,3.16B     ,29             ,-0.60                     ,53.18     ,40.54     ,1.64 ,-58.43      ,20.83                  ,-2.59             ,30.72                  ,40.09                  ,Media                           ,NGM/NGS ,SINCLAIR BROADCAST GP  -C,Broadcasting                    ,0.72    ,41.15         ,40.40 ,200     ,3853789      ,1295465     ,53.78                   ,159.99                 ,No        ,41.20 ,41.40 ,40.45 ,65.64                 ,1982750       ,1381619    ,104.53                   ,150.01                ,No                ,Consumer Discretionary,1.70          ,41.15     ,40.20 ,3100    ,1905539     ,139.08                    ,108.77                 ,159.82M        ,No                  ,B  ,****     ,B                  ,71.43          ,14.29                 ,14.29           ,--                     ,--              ,7                 ,1.43              ,250.76M   ,2.74B  ,250.76M ,76.82M            ,2.60    ,2.60      ,1.79      ,2.27        ,2.17      ,0.78      ,1.78      ,2.00                        ,8.96    ,325.83            ,-0.70 ,-0.09                  ,+2.64                      ,+9.31                  ,+14.31                  ,+64.84               ,+342.74              ,+28.22               ,+1.95     ,41.45        ,43.05    ,1.55                   ,34.85     ,24.15    ,79.17                   ,1.78                         ,-1.70   ,+0.05 ,+6.70                  ,-0.03                 ,+1.67                  ,+29.22                   ,+23.94               ,+59.85               ,+23.13               ,+45.03            ,1               ,43.05     ,43.05   ,40.95       ,34.75   ,-16.05               ,0.95           ,-0.75    ,+0.12 ,-0.25                   ,+1.06                    ,+4.22                    ,+5.15                 ,+30.92               ,+146.58              ,+41.51               ,+4.40             ,43.05      ,42.95     ,40.65    ,30.35  ,1.20         ,94.00            ,-0.25         ,0.68              ,--                   ,15.83                    ,--              ,722.15       ,18.11                ,1.15     ,41.58     ,36.09     ,32.30      ,39.94     ,34.59      ,59.20                ,60.88     ,16.46                   ,41.57,44.26               ,5.45                      ,8.05           ,35.65     ,31.21      ,41.17     ,37.09     ,33.99      ,61.51     ,62.48                ,13.46         ,58.98,1.87       ,9.65           ,9.25                      ,40.09     ,33.24      ,36.43     ,64.03                ,21.58                   ,71.62   ,35.92                  ,4.75           ,8.86                      ,-818.76   , 
WAL   ,-1.79      ,51.06     ,363345    ,20.69    ,5.45B     ,47             ,+0.70                     ,45.16     ,51.54     ,0.25 ,-79.89      ,15.54                  ,-2.67             ,13.00                  ,51.99                  ,Banks                           ,NYSE    ,WESTERN ALLIANCE BANCORP ,Regional Banks                  ,--      ,51.73         ,51.03 ,200     ,394022       ,660416      ,92.21                   ,55.02                  ,No        ,51.99 ,52.25 ,51.06 ,85.31                 ,526429        ,556692     ,69.02                    ,65.27                 ,No                ,Financials            ,--            ,51.73     ,50.84 ,100     ,537665      ,94.72                     ,67.58                  ,20.24M         ,No                  ,C  ,--       ,B-                 ,44.44          ,44.44                 ,11.11           ,--                     ,--              ,9                 ,1.67              ,259.80M   ,743.42M,259.80M ,105.33M           ,2.50    ,2.50      ,2.03      ,2.97        ,1.68      ,1.31      ,0.83      ,10.67                       ,37.54   ,444.53            ,-0.67 ,-2.24                  ,-0.49                      ,+6.91                  ,+2.70                   ,+78.98               ,+530.62              ,+36.98               ,+1.58     ,51.83        ,53.84    ,1.59                   ,50.36     ,29.72    ,84.46                   ,1.35                         ,-1.30   ,+0.26 ,+0.91                  ,-0.01                 ,-0.21                  ,+15.40                   ,+6.20                ,+115.62              ,+10.53               ,+14.92            ,15              ,52.79     ,53.84   ,50.86       ,49.52   ,-21.12               ,1.19           ,-0.93    ,+0.50 ,+0.36                   ,-0.26                    ,-0.41                    ,+1.36                 ,+65.09               ,+267.48              ,+35.11               ,+1.65             ,53.84      ,53.84     ,50.36    ,47.15  ,1.41         ,55.00            ,-0.22         ,0.89              ,--                   ,20.69                    ,3.39            ,--           ,17.43                ,7.33     ,51.52     ,50.38     ,45.75      ,51.46     ,47.54      ,52.37                ,56.40     ,22.43                   ,20.11,53.25               ,0.77                      ,2.04           ,50.18     ,41.54      ,51.75     ,50.25     ,46.57      ,54.05     ,57.80                ,2.98          ,30.56,0.46       ,3.63           ,4.16                      ,51.99     ,47.34      ,49.71     ,56.33                ,23.81                   ,28.40   ,50.72                  ,-1.93          ,2.47                      ,-171.26   , 
FHN   ,-1.78      ,19.08     ,2083092   ,20.57    ,4.52B     ,59             ,+0.26                     ,33.47     ,19.67     ,-0.19,-94.09      ,22.12                  ,-21.35            ,16.92                  ,19.91                  ,Banks                           ,NYSE    ,FIRST HORIZON NATIONAL CO,Regional Banks                  ,0.36    ,19.34         ,19.07 ,3700    ,2727708      ,2163787     ,76.37                   ,96.27                  ,No        ,19.42 ,19.48 ,19.08 ,87.75                 ,2117203       ,2227751    ,98.39                    ,93.51                 ,Yes               ,Financials            ,1.90          ,19.34     ,18.96 ,2500    ,2095748     ,144.30                    ,99.40                  ,52.93M         ,No                  ,C  ,****     ,B-                 ,12.50          ,12.50                 ,75.00           ,--                     ,--              ,16                ,2.63              ,238.51M   ,1.37B  ,238.51M ,233.68M           ,0.94    ,0.94      ,0.34      ,1.11        ,0.91      ,0.09      ,-0.11     ,10.17                       ,17.94   ,296.46            ,-0.26 ,-1.32                  ,-2.88                      ,+1.24                  ,-3.08                   ,+40.17               ,+106.42              ,+38.73               ,+1.12     ,19.36        ,20.82    ,1.36                   ,18.97     ,12.46    ,77.88                   ,3.89                         ,-1.37   ,+0.08 ,-1.38                  ,-0.02                 ,-0.62                  ,+6.84                    ,-2.90                ,+66.28               ,+4.87                ,+10.46            ,2               ,20.22     ,20.84   ,18.97       ,18.97   ,-6.50                ,0.41           ,-0.34    ,+0.41 ,+0.05                   ,-0.57                    ,-3.11                    ,-0.61                 ,+53.45               ,+86.16               ,+30.70               ,+0.87             ,20.82      ,20.84     ,18.97    ,18.97  ,0.52         ,19.00            ,-0.12         ,0.88              ,--                   ,20.57                    ,2.15            ,--           ,17.46                ,3.31     ,19.65     ,19.94     ,18.43      ,19.74     ,18.93      ,38.13                ,50.58     ,26.83                   ,5.91 ,20.78               ,-0.55                     ,-0.91          ,19.98     ,16.86      ,19.82     ,19.70     ,18.60      ,45.99     ,51.88                ,21.08         ,11.38,-0.07      ,-0.34          ,-0.45                     ,19.91     ,19.07      ,19.57     ,47.93                ,17.49                   ,10.06   ,19.05                  ,-1.23          ,-0.55                     ,-6555.39  , 
RJF   ,-1.72      ,77.21     ,1232707   ,19.88    ,11.24B    ,54             ,-0.48                     ,39.08     ,78.63     ,0.51 ,-90.73      ,24.24                  ,-16.46            ,22.77                  ,79.04                  ,Capital Markets                 ,NYSE    ,RAYMOND JAMES FINANCIAL C,Investment Banking & Brokerage  ,0.88    ,78.23         ,77.19 ,200     ,760726       ,667936      ,162.04                  ,184.55                 ,No        ,78.56 ,78.71 ,77.21 ,73.33                 ,598494        ,634008     ,205.97                   ,194.43                ,Yes               ,Financials            ,1.10          ,78.23     ,76.73 ,300     ,586812      ,146.51                    ,210.07                 ,59.98M         ,No                  ,C  ,***      ,A                  ,10.00          ,20.00                 ,60.00           ,10.00                  ,--              ,10                ,2.70              ,506.08M   ,5.52B  ,506.08M ,143.69M           ,3.94    ,3.65      ,3.43      ,4.61        ,3.32      ,2.58      ,2.20      ,14.50                       ,9.85    ,451.69            ,-1.02 ,-2.60                  ,-1.02                      ,+9.50                  ,+2.28                   ,+40.91               ,+139.39              ,+41.63               ,+1.56     ,78.88        ,81.91    ,3.21                   ,77.09     ,44.22    ,75.76                   ,2.31                         ,-1.30   ,+0.33 ,+6.83                  ,-0.02                 ,-0.69                  ,+13.82                   ,+12.93               ,+53.90               ,+9.55                ,+11.22            ,1               ,80.39     ,81.91   ,77.28       ,76.88   ,-32.51               ,1.50           ,-1.35    ,+0.42 ,-0.37                   ,-0.81                    ,-0.88                    ,+1.75                 ,+76.92               ,+79.15               ,+35.96               ,+1.86             ,81.91      ,81.92     ,77.28    ,69.09  ,1.98         ,78.00            ,-0.48         ,0.85              ,--                   ,21.41                    ,2.43            ,44.45        ,16.97                ,2.04     ,78.89     ,76.50     ,70.04      ,78.47     ,72.42      ,46.23                ,56.40     ,23.41                   ,9.27 ,80.49               ,0.65                      ,4.70           ,75.62     ,63.75      ,78.99     ,76.43     ,70.98      ,53.53     ,57.98                ,0.22          ,21.42,0.89       ,5.08           ,6.36                      ,79.04     ,72.41      ,75.62     ,56.11                ,23.31                   ,30.21   ,77.58                  ,-1.06          ,3.85                      ,-1541.00  , 
ARES  ,-1.71      ,18.68     ,354198    ,15.82    ,1.54B     ,24             ,+0.29                     ,29.99     ,19.72     ,-0.36,-91.50      ,56.67                  ,-14.67            ,25.03                  ,20.56                  ,Capital Markets                 ,NYSE    ,ARES MANAGEMENT LP       ,Asset Management & Custody Banks,1.12    ,19.00         ,18.65 ,400     ,372827       ,110213      ,95.00                   ,321.38                 ,No        ,19.00 ,19.00 ,18.70 ,10.60                 ,466187        ,221856     ,75.98                    ,159.65                ,No                ,Financials            ,5.90          ,19.00     ,18.25 ,2600    ,428841      ,139.81                    ,82.59                  ,7.08M          ,No                  ,NC ,--       ,--                 ,37.50          ,12.50                 ,50.00           ,--                     ,--              ,8                 ,2.13              ,286.90M   ,--     ,286.90M ,81.16M            ,1.20    ,1.20      ,0.23      ,1.87        ,0.43      ,2.39      ,--        ,15.44                       ,9.32    ,1296.44           ,-0.32 ,-3.28                  ,-7.60                      ,+0.64                  ,-4.15                   ,+7.51                ,0.00                 ,+57.52               ,+1.22     ,19.05        ,23.25    ,4.25                   ,18.75     ,11.97    ,43.33                   ,8.51                         ,-1.71   ,0.00  ,-0.38                  ,-0.02                 ,-1.69                  ,+3.46                    ,+0.42                ,0.00                 ,+26.32               ,+106.31           ,0               ,19.30     ,23.25   ,19.00       ,18.75   ,-6.28                ,0.33           ,-0.32    ,0.00  ,+0.06                   ,-1.56                    ,-8.19                    ,-0.82                 ,+50.53               ,0.00                 ,+19.56               ,+5.65             ,23.25      ,23.25     ,18.75    ,17.14  ,0.75         ,86.00            ,-0.43         ,0.68              ,--                   ,15.82                    ,16.91           ,246.28       ,10.16                ,--       ,19.23     ,19.80     ,18.35      ,19.87     ,18.85      ,33.30                ,49.47     ,42.76                   ,8.50 ,23.48               ,-2.00                     ,2.93           ,19.42     ,17.44      ,20.27     ,19.63     ,18.59      ,46.30     ,50.36                ,35.00         ,6.91 ,-0.04      ,1.48           ,2.75                      ,20.56     ,18.35      ,19.47     ,47.67                ,20.59                   ,6.25    ,17.65                  ,-2.23          ,1.45                      ,-1371.77  , 
ORLY  ,-1.67      ,271.15    ,1268615   ,25.67    ,25.24B    ,130            ,+1.27                     ,51.51     ,270.87    ,0.83 ,-45.19      ,30.49                  ,16.70             ,13.87                  ,270.05                 ,Specialty Retail                ,NGM/NGS ,O'REILLY AUTOMOTIVE INC  ,Automotive Retail               ,--      ,275.39        ,271.11,100     ,822573       ,867125      ,154.23                  ,146.30                 ,Yes       ,275.76,276.45,271.20,95.07                 ,856704        ,942735     ,148.08                   ,134.57                ,No                ,Consumer Discretionary,--            ,275.39    ,268.83,200     ,875886      ,137.27                    ,144.84                 ,223.90M        ,No                  ,D  ,***      ,A-                 ,62.96          ,11.11                 ,18.52           ,7.41                   ,--              ,27                ,1.70              ,1.04B     ,8.59B  ,1.04B   ,91.64M            ,10.73   ,10.73     ,9.17      ,12.36       ,7.34      ,6.03      ,4.75      ,14.68                       ,12.08   ,115.22            ,-4.24 ,-2.09                  ,+1.98                      ,+1.75                  ,+1.72                   ,+32.78               ,+198.20              ,+2.75                ,+0.68     ,276.74       ,276.74   ,16.39                  ,264.37    ,248.02   ,69.51                   ,-0.21                        ,-1.54   ,+0.37 ,-8.85                  ,0.00                  ,+5.41                  ,+0.64                    ,-1.08                ,+78.72               ,-1.02                ,+57.84            ,1               ,276.74    ,283.96  ,274.06      ,264.37  ,-20.81               ,5.30           ,-4.61    ,+0.13 ,+3.44                   ,+5.34                    ,+2.00                    ,+4.66                 ,+0.56                ,+157.53              ,-2.94                ,+14.95            ,276.74     ,292.84    ,267.04   ,253.54 ,7.63         ,28.00            ,-2.33         ,1.10              ,--                   ,25.67                    ,30.80           ,115.97       ,22.27                ,2.94     ,271.25    ,270.74    ,273.09     ,270.52    ,272.11     ,64.28                ,49.59     ,20.42                   ,54.81,274.61              ,6.91                      ,-6.89          ,272.68    ,274.22     ,270.58    ,270.90    ,272.23     ,49.96     ,51.46                ,4.49          ,79.31,0.36       ,-7.61          ,-1.44                     ,270.05    ,271.99     ,271.24    ,53.27                ,22.34                   ,74.18   ,265.49                 ,1.63           ,-3.75                     ,2100.65   , 
AAOI  ,-1.67      ,47.47     ,1244901   ,27.38    ,900.09M   ,76             ,-3.73                     ,53.58     ,47.74     ,4.43 ,-55.61      ,25.11                  ,16.25             ,64.95                  ,45.94                  ,Communications Equipment        ,NASDAQ  ,APPLIED OPTOELECTRONICS I,Communications Equipment        ,--      ,48.19         ,47.46 ,100     ,1125648      ,632694      ,110.59                  ,196.76                 ,No        ,48.27 ,49.15 ,47.49 ,70.86                 ,1462699       ,975879     ,85.11                    ,127.57                ,No                ,Information Technology,--            ,48.19     ,46.90 ,200     ,1401146     ,109.26                    ,88.85                  ,57.46M         ,No                  ,C  ,--       ,--                 ,50.00          ,33.33                 ,16.67           ,--                     ,--              ,6                 ,1.67              ,31.23M    ,260.71M,31.23M  ,18.68M            ,1.76    ,1.76      ,0.65      ,3.39        ,0.28      ,-0.14     ,-3.56     ,17.50                       ,11.98   ,93.92             ,-0.72 ,+1.04                  ,+4.90                      ,+20.71                 ,+34.61                  ,+320.13              ,0.00                 ,+335.26              ,+2.81     ,50.65        ,56.14    ,6.99                   ,34.01     ,8.08     ,74.89                   ,3.25                         ,-1.50   ,+0.08 ,+23.76                 ,-0.10                 ,+3.90                  ,+75.34                   ,+105.59              ,+85.70               ,+85.39               ,+15.90            ,6               ,54.94     ,56.14   ,47.87       ,31.04   ,-38.82               ,1.69           ,-0.80    ,+0.17 ,-1.87                   ,+2.25                    ,+8.82                    ,+12.39                ,+198.83              ,0.00                 ,+172.52              ,+10.48            ,56.14      ,56.14     ,47.87    ,21.88  ,2.25         ,100.00           ,-0.57         ,1.17              ,--                   ,27.38                    ,3.99            ,15.38        ,14.22                ,3.45     ,51.14     ,36.03     ,28.42      ,46.10     ,32.27      ,56.10                ,65.20     ,13.36                   ,44.39,58.73               ,14.27                     ,23.07          ,34.12     ,22.46      ,49.01     ,38.68     ,30.58      ,64.50     ,66.15                ,42.28         ,59.54,4.95       ,17.03          ,24.42                     ,45.94     ,29.82      ,37.02     ,65.79                ,32.94                   ,68.67   ,33.15                  ,11.09          ,19.97                     ,4086.39   , 
STI   ,-1.66      ,57.88     ,4568935   ,16.29    ,28.82B    ,154            ,-0.12                     ,35.61     ,59.07     ,0.23 ,-91.37      ,22.22                  ,3.67              ,21.47                  ,59.54                  ,Banks                           ,NYSE    ,SUNTRUST BANKS INC       ,Regional Banks                  ,1.04    ,58.64         ,57.88 ,400     ,2900357      ,3675030     ,157.53                  ,124.32                 ,Yes       ,58.86 ,59.14 ,57.89 ,84.49                 ,3198637       ,3297334    ,142.84                   ,138.56                ,No                ,Financials            ,1.80          ,58.64     ,57.52 ,1300    ,3191103     ,146.55                    ,143.18                 ,171.09M        ,No                  ,B  ,****     ,B                  ,16.67          ,16.67                 ,53.33           ,3.33                   ,10.00           ,30                ,2.73              ,1.89B     ,9.16B  ,1.89B   ,491.41M           ,3.60    ,3.60      ,3.58      ,3.86        ,3.23      ,2.41      ,3.59      ,7.16                        ,23.01   ,334.77            ,-0.76 ,-2.94                  ,-1.51                      ,+6.76                  ,+1.62                   ,+49.87               ,+186.05              ,+37.86               ,+1.29     ,58.67        ,61.69    ,2.55                   ,57.97     ,34.79    ,77.78                   ,2.71                         ,-1.30   ,+0.22 ,+2.32                  ,-0.03                 ,-0.83                  ,+13.03                   ,+7.38                ,+59.13               ,+15.02               ,+8.50             ,24              ,60.64     ,61.69   ,58.02       ,57.58   ,-22.73               ,1.26           ,-0.98    ,+0.38 ,-0.07                   ,-0.90                    ,-1.40                    ,+0.94                 ,+68.72               ,+116.89              ,+36.27               ,+0.95             ,61.69      ,61.69     ,58.02    ,53.56  ,1.62         ,75.00            ,-0.36         ,0.70              ,--                   ,16.29                    ,1.82            ,--           ,15.20                ,3.15     ,59.21     ,57.71     ,52.81      ,59.00     ,54.71      ,43.04                ,56.09     ,25.14                   ,8.63 ,60.88               ,0.50                      ,2.08           ,57.36     ,48.69      ,59.45     ,57.60     ,53.68      ,52.72     ,57.77                ,6.80          ,11.51,0.57       ,4.00           ,3.51                      ,59.54     ,54.43      ,57.02     ,55.48                ,21.94                   ,12.77   ,58.20                  ,-1.71          ,2.67                      ,1730.97   , 
PGTI  ,-1.65      ,10.43     ,230232    ,22.34    ,517.84M   ,6              ,+0.53                     ,43.92     ,10.50     ,-0.26,-46.88      ,12.50                  ,-1.88             ,28.41                  ,10.53                  ,Building Products               ,NYSE    ,PGT INC                  ,Building Products               ,--      ,10.50         ,10.40 ,4500    ,249387       ,347803      ,92.32                   ,66.20                  ,No        ,10.60 ,10.60 ,10.45 ,91.99                 ,424223        ,307516     ,54.27                    ,74.87                 ,No                ,Industrials           ,--            ,10.50     ,10.40 ,2000    ,406152      ,104.93                    ,56.69                  ,2.59M          ,Yes                 ,D  ,--       ,B-                 ,55.56          ,11.11                 ,33.33           ,--                     ,--              ,9                 ,1.78              ,23.75M    ,458.55M,23.75M  ,49.32M            ,0.47    ,0.47      ,0.47      ,0.58        ,0.33      ,0.51      ,0.16      ,20.10                       ,5.18    ,176.37            ,-0.08 ,+0.24                  ,-0.32                      ,-0.55                  ,-6.08                   ,-2.89                ,+497.70              ,-6.25                ,+0.60     ,10.80        ,12.30    ,1.70                   ,10.00     ,10.00    ,87.50                   ,-1.03                        ,-0.71   ,+0.10 ,-1.18                  ,+0.02                 ,-0.24                  ,-4.97                    ,-8.30                ,-11.71               ,-9.46                ,+19.83            ,0               ,10.80     ,12.30   ,10.40       ,10.00   ,-0.40                ,0.18           ,-0.18    ,+0.95 ,+0.06                   ,-0.03                    ,-2.22                    ,-0.68                 ,+17.65               ,+67.47               ,-15.62               ,+6.08             ,11.95      ,12.30     ,10.00    ,10.00  ,0.20         ,11.00            ,-0.03         ,0.96              ,--                   ,22.34                    ,--              ,187.05       ,18.06                ,1.13     ,10.32     ,11.16     ,11.01      ,10.60     ,11.05      ,46.34                ,46.20     ,17.95                   ,53.13,11.46               ,-1.50                     ,-0.88          ,11.21     ,11.11      ,10.32     ,10.95     ,11.06      ,44.10     ,46.61                ,9.30          ,69.31,-0.30      ,-0.78          ,-1.00                     ,10.53     ,11.05      ,10.99     ,44.78                ,14.90                   ,60.93   ,9.60                   ,-1.43          ,-0.85                     ,-79.65    , 
CFG   ,-1.60      ,36.80     ,4202730   ,18.88    ,18.94B    ,88             ,-0.41                     ,40.45     ,37.53     ,0.16 ,-89.67      ,15.31                  ,-6.57             ,13.92                  ,37.77                  ,Banks                           ,NYSE    ,CITIZENS FINANCIAL GROUP ,Regional Banks                  ,0.56    ,37.19         ,36.80 ,800     ,3684375      ,5428851     ,114.07                  ,77.41                  ,Yes       ,37.40 ,37.63 ,36.81 ,99.54                 ,4521296       ,4777089    ,92.95                    ,87.98                 ,No                ,Financials            ,1.50          ,37.19     ,36.65 ,1400    ,4418902     ,124.41                    ,95.11                  ,138.31M        ,No                  ,B  ,***      ,--                 ,25.00          ,20.00                 ,55.00           ,--                     ,--              ,20                ,2.30              ,1.05B     ,5.76B  ,1.05B   ,509.32M           ,1.97    ,1.97      ,1.55      ,2.27        ,1.55      ,-6.12     ,1.15      ,16.43                       ,21.41   ,282.20            ,-0.39 ,-1.62                  ,-1.53                      ,+5.36                  ,+0.99                   ,+56.02               ,0.00                 ,+60.89               ,+1.31     ,37.26        ,39.75    ,2.12                   ,36.46     ,18.34    ,84.69                   ,2.39                         ,-1.05   ,+0.21 ,+0.36                  ,-0.03                 ,-0.53                  ,+16.82                   ,+4.78                ,0.00                 ,+11.95               ,+5.37             ,26              ,38.64     ,39.75   ,36.72       ,36.09   ,-18.31               ,0.83           ,-0.60    ,+0.56 ,-0.15                   ,-0.58                    ,-1.41                    ,+0.36                 ,+82.59               ,0.00                 ,+52.14               ,+0.73             ,39.75      ,39.75     ,36.72    ,33.79  ,0.98         ,70.00            ,-0.15         ,0.81              ,--                   ,18.88                    ,1.62            ,--           ,16.35                ,3.29     ,37.72     ,36.83     ,32.67      ,37.49     ,34.19      ,44.74                ,55.94     ,22.58                   ,10.33,39.04               ,0.27                      ,1.40           ,36.66     ,28.61      ,37.68     ,36.55     ,33.33      ,52.49     ,56.95                ,3.07          ,19.96,0.35       ,2.69           ,2.56                      ,37.77     ,34.24      ,36.09     ,54.02                ,24.01                   ,27.42   ,36.49                  ,-1.17          ,0.90                      ,-4041.51  , 
OZRK  ,-1.58      ,54.04     ,770521    ,21.15    ,6.63B     ,49             ,+0.09                     ,41.35     ,54.86     ,-0.01,-88.16      ,6.45                   ,-13.42            ,11.30                  ,55.17                  ,Banks                           ,NGM/NGS ,BANK OF THE OZARKS INC   ,Regional Banks                  ,0.68    ,54.56         ,54.02 ,100     ,765604       ,1339647     ,100.64                  ,57.52                  ,No        ,54.91 ,55.49 ,54.04 ,93.20                 ,976584        ,1147477    ,78.90                    ,67.15                 ,Yes               ,Financials            ,1.20          ,54.56     ,53.94 ,100     ,963765      ,134.45                    ,79.95                  ,41.76M         ,No                  ,D  ,--       ,A                  ,50.00          ,25.00                 ,25.00           ,--                     ,--              ,8                 ,1.75              ,270.08M   ,764.15M,270.08M ,121.56M           ,2.58    ,2.58      ,2.09      ,3.07        ,1.52      ,1.26      ,1.10      ,12.00                       ,39.74   ,293.44            ,-0.52 ,-2.21                  ,-1.10                      ,+7.27                  ,+0.24                   ,+54.48               ,+284.91              ,+42.29               ,+1.48     ,54.67        ,56.86    ,1.37                   ,53.65     ,33.51    ,93.55                   ,1.93                         ,-0.95   ,+0.35 ,+0.45                  ,-0.01                 ,-0.73                  ,+15.37                   ,+4.08                ,+70.83               ,+13.17               ,+12.69            ,33              ,55.85     ,56.86   ,53.65       ,53.65   ,-20.43               ,1.45           ,-0.87    ,+0.64 ,+0.05                   ,-0.61                    ,-1.31                    ,+0.13                 ,+33.01               ,+177.23              ,+40.74               ,+1.88             ,56.86      ,56.86     ,53.65    ,50.60  ,1.55         ,64.00            ,-0.10         ,0.91              ,--                   ,21.15                    ,3.20            ,--           ,17.75                ,8.68     ,54.88     ,54.42     ,48.27      ,54.88     ,50.85      ,45.76                ,54.74     ,19.00                   ,11.84,56.38               ,-0.97                     ,0.89           ,54.21     ,44.10      ,55.08     ,53.82     ,49.87      ,51.96     ,55.62                ,2.18          ,23.64,0.21       ,1.91           ,2.68                      ,55.17     ,50.21      ,53.23     ,53.41                ,18.19                   ,25.74   ,53.96                  ,-1.86          ,1.10                      ,-1669.60  , 
WIT   ,-1.55      ,9.855     ,988081    ,19.46    ,18.51B    ,14             ,+1.00                     ,54.68     ,9.83      ,0.11 ,-56.12      ,44.64                  ,30.90             ,20.84                  ,9.79                   ,IT Services                     ,NYSE    ,WIPRO LTD                ,IT Consulting & Other Services  ,0.04    ,10.01         ,9.85  ,3100    ,486491       ,673028      ,203.10                  ,146.81                 ,No        ,10.01 ,10.01 ,9.86  ,36.29                 ,441246        ,499129     ,223.93                   ,197.96                ,No                ,Information Technology,0.40          ,10.01     ,9.73  ,4300    ,435769      ,143.09                    ,226.74                 ,4.82M          ,No                  ,-- ,**       ,--                 ,--             ,--                    ,80.00           ,--                     ,20.00           ,5                 ,3.40              ,1.37B     ,7.83B  ,1.37B   ,2.43B             ,0.51    ,0.55      ,0.54      ,34.49       ,0.48      ,0.41      ,0.35      ,10.50                       ,0.27    ,52.22             ,-0.155,+0.055                 ,+2.21                      ,+0.3736                ,+3.93                   ,-23.41               ,+6.38                ,-18.20               ,+0.99     ,10.06        ,10.13    ,3.07                   ,9.44      ,9.00     ,55.36                   ,0.03                         ,-1.55   ,0.00  ,+0.275                 ,0.00                  ,+0.2664                ,+3.88                    ,+3.75                ,-24.65               ,+2.32                ,+17.83            ,0               ,10.13     ,10.13   ,9.93        ,9.30    ,-0.73                ,0.155          ,-0.155   ,0.00  ,+0.099                  ,+0.2163                  ,+2.73                    ,+0.3786               ,-14.79               ,+15.92               ,-4.92                ,+11.62            ,10.13      ,13.08     ,9.73     ,9.00   ,0.28         ,72.00            ,-0.125        ,0.83              ,--                   ,18.13                    ,4.68            ,3.71         ,0.29                 ,3.11     ,9.89      ,9.64      ,9.61       ,9.79      ,9.77       ,70.33                ,51.19     ,22.47                   ,43.88,10.06               ,0.57                      ,0.25           ,9.63      ,10.30      ,9.86      ,9.68      ,9.84       ,54.17     ,53.26                ,9.89          ,65.19,0.10       ,-0.06          ,0.57                      ,9.79      ,9.57       ,9.67      ,58.19                ,27.40                   ,75.07   ,9.53                   ,0.30           ,0.25                      ,2138.94   , 
MTB   ,-1.54      ,163.96    ,486343    ,21.34    ,25.52B    ,50             ,+0.20                     ,38.51     ,166.38    ,0.58 ,-95.69      ,11.22                  ,-10.10            ,24.01                  ,167.49                 ,Banks                           ,NYSE    ,M & T BANK CORP          ,Regional Banks                  ,3.00    ,165.96        ,163.94,100     ,716893       ,935956      ,67.84                   ,51.96                  ,Yes       ,166.53,166.73,163.98,81.09                 ,870184        ,878718     ,55.89                    ,55.35                 ,No                ,Financials            ,1.80          ,165.96    ,163.61,200     ,863492      ,91.00                     ,56.32                  ,118.99M        ,No                  ,C  ,***      ,B+                 ,--             ,9.52                  ,71.43           ,4.76                   ,14.29           ,21                ,3.24              ,1.32B     ,5.72B  ,1.32B   ,153.76M           ,7.78    ,7.78      ,7.18      ,8.70        ,7.42      ,8.20      ,7.54      ,6.13                        ,25.76   ,309.69            ,-2.00 ,-5.68                  ,-0.91                      ,+23.30                 ,+1.82                   ,+43.30               ,+131.02              ,+41.24               ,+0.77     ,166.28       ,173.72   ,6.99                   ,163.51    ,106.05   ,88.78                   ,2.02                         ,-1.21   ,+0.57 ,+5.77                  ,-0.02                 ,-1.59                  ,+16.33                   ,+6.57                ,+48.98               ,+16.00               ,+8.71             ,3               ,168.49    ,173.72  ,163.51      ,163.51  ,-57.56               ,2.77           ,-2.57    ,+0.34 ,+0.34                   ,-1.53                    ,-0.95                    ,+2.97                 ,+57.47               ,+75.32               ,+41.79               ,+1.07             ,173.72     ,173.72    ,163.51   ,152.19 ,3.12         ,76.00            ,-0.35         ,0.91              ,--                   ,21.34                    ,2.46            ,--           ,19.08                ,4.46     ,166.36    ,163.01    ,145.72     ,166.22    ,152.94     ,46.90                ,59.03     ,21.74                   ,4.31 ,170.84              ,-0.84                     ,10.10          ,161.83    ,134.02     ,167.28    ,162.07    ,149.85     ,55.08     ,61.03                ,0.20          ,12.35,1.37       ,11.27          ,13.10                     ,167.49    ,151.66     ,160.20    ,58.31                ,21.65                   ,14.36   ,164.13                 ,-4.27          ,9.89                      ,-1144.23  , 
SIVB  ,-1.51      ,191.60    ,401040    ,26.57    ,10.17B    ,19             ,+0.40                     ,53.89     ,191.59    ,3.84 ,-52.28      ,10.85                  ,17.66             ,23.73                  ,191.08                 ,Banks                           ,NGM/NGS ,SVB FINANCIAL GROUP      ,Regional Banks                  ,--      ,194.21        ,191.31,300     ,401271       ,512581      ,99.94                   ,78.24                  ,No        ,194.53,195.55,191.60,97.98                 ,452523        ,484814     ,88.62                    ,82.72                 ,Yes               ,Financials            ,--            ,194.21    ,191.12,100     ,445524      ,148.61                    ,90.02                  ,77.60M         ,No                  ,C  ,***      ,B+                 ,35.29          ,41.18                 ,17.65           ,--                     ,5.88            ,17                ,2.00              ,390.27M   ,1.65B  ,390.27M ,52.36M            ,7.31    ,7.31      ,6.62      ,8.55        ,5.31      ,4.67      ,3.91      ,10.75                       ,25.37   ,652.74            ,-2.61 ,-5.34                  ,+1.64                      ,+42.18                 ,+7.18                   ,+56.62               ,+209.93              ,+73.22               ,+1.52     ,194.44       ,198.83   ,3.29                   ,179.68    ,82.90    ,89.15                   ,0.61                         ,-1.34   ,+0.32 ,+16.94                 ,-0.01                 ,+4.51                  ,+27.74                   ,+13.14               ,+52.37               ,+20.79               ,+11.41            ,15              ,197.26    ,198.83  ,190.27      ,176.40  ,-108.22              ,3.95           ,-2.93    ,+0.16 ,+0.77                   ,+3.13                    ,+2.38                    ,+13.01                ,+100.62              ,+181.89              ,+71.88               ,+0.87             ,198.83     ,198.83    ,190.27   ,165.05 ,4.43         ,87.00            ,-0.48         ,1.14              ,--                   ,26.57                    ,2.79            ,--           ,22.72                ,6.17     ,193.39    ,181.40    ,157.19     ,190.21    ,166.81     ,64.50                ,61.98     ,18.10                   ,47.72,198.22              ,13.65                     ,18.58          ,179.79    ,135.47     ,192.77    ,181.44    ,161.87     ,61.08     ,63.57                ,12.59         ,60.17,4.42       ,24.03          ,27.56                     ,191.08    ,165.90     ,178.38    ,63.85                ,23.31                   ,64.07   ,183.93                 ,6.11           ,17.62                     ,1160.98   , 
BBT   ,-1.51      ,47.09     ,4753810   ,17.16    ,38.42B    ,99             ,-0.18                     ,37.72     ,47.83     ,0.13 ,-93.62      ,17.76                  ,-20.60            ,17.30                  ,48.13                  ,Banks                           ,NYSE    ,BB&T CORP                ,Regional Banks                  ,1.20    ,47.53         ,47.08 ,800     ,3959250      ,5077196     ,120.07                  ,93.63                  ,Yes       ,47.81 ,47.97 ,47.09 ,67.53                 ,4150375       ,4589516    ,114.54                   ,103.58                ,No                ,Financials            ,2.50          ,47.53     ,46.90 ,2900    ,4189862     ,144.28                    ,113.46                 ,189.27M        ,No                  ,C  ,***      ,B                  ,20.69          ,6.90                  ,62.07           ,3.45                   ,6.90            ,29                ,2.69              ,2.44B     ,11.54B ,2.44B   ,808.39M           ,2.77    ,2.77      ,2.56      ,3.09        ,2.72      ,2.19      ,2.70      ,5.93                        ,23.74   ,272.56            ,-0.44 ,-2.06                  ,-1.24                      ,+3.99                  ,+0.86                   ,+34.82               ,+87.24               ,+35.57               ,+1.03     ,47.61        ,49.88    ,1.91                   ,46.92     ,32.22    ,82.24                   ,2.24                         ,-0.93   ,+0.28 ,-0.36                  ,-0.02                 ,-0.51                  ,+9.17                    ,+1.75                ,+32.48               ,+7.26                ,+9.48             ,12              ,48.66     ,49.88   ,47.01       ,46.39   ,-14.68               ,0.88           ,-0.72    ,+0.59 ,-0.09                   ,-0.60                    ,-1.07                    ,+0.41                 ,+46.13               ,+70.00               ,+27.04               ,+1.14             ,49.88      ,49.88     ,47.01    ,44.81  ,1.07         ,45.00            ,-0.19         ,0.74              ,--                   ,17.16                    ,2.36            ,--           ,15.40                ,3.33     ,47.95     ,47.12     ,44.16      ,47.78     ,45.29      ,43.74                ,54.94     ,22.37                   ,6.38 ,49.13               ,0.55                      ,0.13           ,47.14     ,41.21      ,48.15     ,47.05     ,44.62      ,51.62     ,56.29                ,1.54          ,10.81,0.33       ,1.53           ,0.75                      ,48.13     ,45.37      ,46.72     ,53.82                ,23.07                   ,12.44   ,47.12                  ,-0.78          ,1.01                      ,-12808.22 , 
SNPS  ,-1.50      ,70.02     ,2708653   ,37.24    ,10.65B    ,137            ,-0.64                     ,47.67     ,70.66     ,1.46 ,-81.46      ,35.84                  ,-7.52             ,44.39                  ,71.01                  ,Software                        ,NGM/NGS ,SYNOPSYS INC             ,Application Software            ,--      ,70.76         ,70.01 ,400     ,834916       ,790854      ,324.42                  ,342.50                 ,No        ,71.08 ,71.08 ,70.02 ,94.49                 ,995988        ,804132     ,271.96                   ,336.84                ,Yes               ,Information Technology,--            ,70.76     ,69.42 ,200     ,991498      ,122.29                    ,273.19                 ,59.40M         ,No                  ,B  ,***      ,B                  ,44.44          ,33.33                 ,22.22           ,--                     ,--              ,9                 ,1.78              ,266.83M   ,2.42B  ,266.83M ,150.5M            ,1.90    ,1.73      ,1.43      ,3.24        ,1.64      ,1.58      ,1.21      ,9.36                        ,11.01   ,227.06            ,-0.74 ,-1.42                  ,-0.35                      ,+9.01                  ,+7.63                   ,+59.30               ,+138.56              ,+38.26               ,+0.91     ,72.05        ,73.08    ,2.00                   ,65.31     ,45.06    ,64.16                   ,1.93                         ,-1.05   ,+0.32 ,+10.74                 ,-0.02                 ,+0.43                  ,+14.59                   ,+20.22               ,+77.53               ,+18.12               ,+9.29             ,0               ,72.28     ,73.08   ,70.37       ,65.07   ,-24.36               ,1.07           ,-1.06    ,+0.45 ,-0.46                   ,-0.25                    ,+0.61                    ,+5.01                 ,+57.80               ,+103.20              ,+20.49               ,+5.86             ,73.08      ,73.08     ,70.37    ,59.04  ,1.66         ,94.00            ,-0.60         ,1.60              ,--                   ,40.90                    ,26.13           ,--           ,21.81                ,4.40     ,71.13     ,65.83     ,62.14      ,70.14     ,63.86      ,54.91                ,62.50     ,23.09                   ,18.54,73.48               ,4.78                      ,9.65           ,64.82     ,59.42      ,71.37     ,66.99     ,62.92      ,62.27     ,64.42                ,11.06         ,37.51,1.88       ,9.28           ,10.80                     ,71.01     ,62.66      ,66.21     ,65.37                ,28.84                   ,56.58   ,68.53                  ,4.18           ,9.42                      ,-1037.66  , 
HBAN  ,-1.49      ,13.93     ,11363372  ,20.11    ,15.35B    ,44             ,-0.31                     ,40.48     ,14.14     ,0.10 ,-90.00      ,25.00                  ,5.04              ,18.25                  ,14.22                  ,Banks                           ,NGM/NGS ,HUNTINGTON BANCSHARES    ,Regional Banks                  ,0.32    ,14.08         ,13.93 ,29400   ,8606407      ,12306707    ,132.03                  ,92.33                  ,Yes       ,14.14 ,14.20 ,13.94 ,75.31                 ,7769126       ,10081784   ,146.26                   ,112.71                ,No                ,Financials            ,2.30          ,14.08     ,13.84 ,11000   ,7919189     ,149.44                    ,143.49                 ,121.99M        ,No                  ,B  ,***      ,B                  ,20.83          ,16.67                 ,58.33           ,4.17                   ,--              ,24                ,2.46              ,711.82M   ,3.78B  ,711.82M ,1.09B             ,0.70    ,0.70      ,0.81      ,0.95        ,0.72      ,0.72      ,0.69      ,8.82                        ,21.40   ,207.99            ,-0.15 ,-0.55                  ,-0.95                      ,+1.92                  ,+2.37                   ,+38.69               ,+172.84              ,+38.13               ,+1.25     ,14.14        ,14.74    ,0.54                   ,13.73     ,8.05     ,75.00                   ,2.13                         ,-1.07   ,+0.06 ,+0.47                  ,-0.02                 ,-0.10                  ,+15.82                   ,+6.51                ,+55.55               ,+14.18               ,+9.22             ,6               ,14.42     ,14.74   ,13.89       ,13.50   ,-5.79                ,0.27           ,-0.21    ,+0.43 ,-0.04                   ,-0.14                    ,-0.70                    ,+0.33                 ,+52.96               ,+111.93              ,+43.14               ,+0.83             ,14.74      ,14.74     ,13.89    ,12.86  ,0.36         ,66.00            ,-0.09         ,0.86              ,--                   ,20.11                    ,2.24            ,--           ,14.83                ,4.06     ,14.20     ,13.76     ,12.42      ,14.11     ,12.96      ,46.98                ,57.14     ,20.29                   ,10.00,14.49               ,0.27                      ,0.59           ,13.67     ,11.26      ,14.23     ,13.73     ,12.70      ,54.51     ,58.43                ,4.06          ,21.75,0.17       ,0.98           ,0.98                      ,14.22     ,12.93      ,13.57     ,56.68                ,22.00                   ,27.73   ,13.94                  ,-0.19          ,0.61                      ,5821.75   , 
MBFI  ,-1.47      ,44.23     ,243701    ,20.95    ,3.74B     ,29             ,+0.28                     ,38.59     ,44.94     ,-0.20,-80.94      ,7.21                   ,-5.42             ,12.35                  ,45.25                  ,Banks                           ,NGM/NGS ,MB FINANCIAL INC/MD      ,Regional Banks                  ,0.76    ,44.64         ,44.22 ,100     ,312081       ,461739      ,78.09                   ,52.78                  ,No        ,44.89 ,45.26 ,44.27 ,78.04                 ,326863        ,355763     ,74.56                    ,68.50                 ,Yes               ,Financials            ,1.70          ,44.64     ,44.15 ,200     ,329213      ,103.57                    ,74.03                  ,13.91M         ,No                  ,C  ,--       ,B                  ,30.00          ,10.00                 ,60.00           ,--                     ,--              ,10                ,2.30              ,174.14M   ,932.08M,174.14M ,83.77M            ,2.13    ,2.13      ,2.02      ,2.59        ,1.31      ,1.79      ,1.60      ,9.67                        ,19.94   ,250.50            ,-0.41 ,-1.77                  ,-1.36                      ,+2.24                  ,-1.68                   ,+53.21               ,+137.96              ,+26.35               ,+1.09     ,44.80        ,46.99    ,3.21                   ,43.58     ,30.53    ,92.79                   ,2.19                         ,-0.92   ,+0.25 ,-3.78                  ,-0.01                 ,-0.58                  ,+5.29                    ,-5.08                ,+47.06               ,+4.47                ,+7.85             ,9               ,45.81     ,48.47   ,43.58       ,43.58   ,-13.62               ,1.03           ,-0.66    ,+0.56 ,+0.13                   ,-0.61                    ,-1.28                    ,-0.76                 ,+40.59               ,+100.13              ,+15.95               ,+1.00             ,46.99      ,48.47     ,43.58    ,43.07  ,1.11         ,20.00            ,-0.08         ,0.90              ,--                   ,20.95                    ,2.67            ,--           ,17.24                ,4.01     ,44.93     ,45.38     ,42.85      ,45.01     ,43.76      ,43.34                ,51.00     ,20.75                   ,19.06,46.43               ,--                        ,-2.82          ,45.70     ,40.69      ,45.20     ,44.95     ,43.22      ,47.80     ,51.95                ,11.72         ,23.38,-0.07      ,-0.18          ,-1.48                     ,45.25     ,43.88      ,44.77     ,49.32                ,16.40                   ,19.73   ,44.08                  ,-0.91          ,-1.36                     ,-237.87   , 
SIRI  ,-1.29      ,5.34      ,25457991  ,35.93    ,25.41B    ,17             ,+1.70                     ,67.24     ,5.18      ,0.14 ,-41.67      ,15.38                  ,28.35             ,45.27                  ,5.13                   ,Media                           ,NGM/NGS ,SIRIUS XM HOLDINGS INC   ,Cable & Satellite               ,0.04    ,5.39          ,5.33  ,186700  ,31421028     ,34890924    ,81.02                   ,72.96                  ,No        ,5.41  ,5.45  ,5.34  ,20.34                 ,26460250      ,23731332   ,96.21                    ,107.28                ,No                ,Consumer Discretionary,0.70          ,5.39      ,5.32  ,297100  ,25472020    ,84.80                     ,99.94                  ,167.21M        ,No                  ,D  ,***      ,B                  ,38.89          ,16.67                 ,44.44           ,--                     ,--              ,18                ,2.06              ,745.93M   ,5.02B  ,745.93M ,4.72B             ,0.15    ,0.15      ,0.09      ,0.17        ,0.08      ,0.06      ,0.34      ,17.61                       ,14.87   ,2088.77           ,-0.05 ,+0.21                  ,+5.03                      ,+0.89                  ,+11.40                  ,+35.06               ,+125.65              ,+27.18               ,+1.21     ,5.44         ,5.53     ,-0.23                  ,4.73      ,3.74     ,84.62                   ,-2.97                        ,-0.93   ,+0.02 ,+0.85                  ,+0.03                 ,+0.32                  ,+19.78                   ,+21.38               ,+50.23               ,+11.61               ,-155.64           ,3               ,5.53      ,5.53    ,5.32        ,4.69    ,-1.58                ,0.11           ,-0.07    ,+0.37 ,+0.09                   ,+0.258                   ,+6.31                    ,+0.5514               ,+34.36               ,+62.40               ,+23.50               ,+9.29             ,5.53       ,5.22      ,5.09     ,4.40   ,0.13         ,88.00            ,-0.02         ,1.54              ,--                   ,35.93                    ,--              ,-737.71      ,30.95                ,5.07     ,5.21      ,4.85      ,4.55       ,5.13      ,4.70       ,74.50                ,64.49     ,8.73                    ,58.33,5.41                ,0.63                      ,0.84           ,4.79      ,4.37       ,5.18      ,4.91      ,4.64       ,66.57     ,66.29                ,64.40         ,70.14,0.13       ,0.76           ,0.88                      ,5.13      ,4.63       ,4.86      ,69.41                ,40.32                   ,77.58   ,4.86                   ,0.59           ,0.78                      ,98179.85  , 
